{"v":"4.12.0","fr":29.9700012207031,"ip":0,"op":126.000005132085,"w":400,"h":400,"nm":"dog","ddd":0,"assets":[],"layers":[{"ddd":0,"ind":1,"ty":4,"nm":"frontEar","parent":2,"sr":1,"ks":{"o":{"a":0,"k":100,"ix":11},"r":{"a":1,"k":[{"i":{"x":[0.833],"y":[0.833]},"o":{"x":[0.167],"y":[0.167]},"n":["0p833_0p833_0p167_0p167"],"t":32,"s":[-3],"e":[16]},{"i":{"x":[0.833],"y":[0.833]},"o":{"x":[0.167],"y":[0.167]},"n":["0p833_0p833_0p167_0p167"],"t":37,"s":[16],"e":[12]},{"i":{"x":[0.833],"y":[0.833]},"o":{"x":[0.167],"y":[0.167]},"n":["0p833_0p833_0p167_0p167"],"t":41,"s":[12],"e":[12]},{"i":{"x":[0.833],"y":[0.833]},"o":{"x":[0.167],"y":[0.167]},"n":["0p833_0p833_0p167_0p167"],"t":77,"s":[12],"e":[-3]},{"i":{"x":[0.833],"y":[0.833]},"o":{"x":[0.167],"y":[0.167]},"n":["0p833_0p833_0p167_0p167"],"t":80,"s":[-3],"e":[12]},{"i":{"x":[0.833],"y":[0.833]},"o":{"x":[0.167],"y":[0.167]},"n":["0p833_0p833_0p167_0p167"],"t":83,"s":[12],"e":[-3]},{"i":{"x":[0.833],"y":[0.833]},"o":{"x":[0.167],"y":[0.167]},"n":["0p833_0p833_0p167_0p167"],"t":86,"s":[-3],"e":[12]},{"i":{"x":[0.833],"y":[0.833]},"o":{"x":[0.167],"y":[0.167]},"n":["0p833_0p833_0p167_0p167"],"t":90,"s":[12],"e":[-3]},{"t":94.0000038286985}],"ix":10},"p":{"a":0,"k":[5.774,-33.946,0],"ix":2},"a":{"a":0,"k":[6.213,-33.777,0],"ix":1},"s":{"a":0,"k":[100,100,100],"ix":6}},"ao":0,"shapes":[{"ty":"gr","it":[{"ind":0,"ty":"sh","ix":1,"ks":{"a":0,"k":{"i":[[0,0],[-0.109,-0.609],[0.273,-0.58]],"o":[[0.194,0.387],[0.287,1.606],[0,0]],"v":[[12,-40],[12.5,-38.5],[12,-35]],"c":false},"ix":2},"nm":"Path 1","mn":"ADBE Vector Shape - Group","hd":false},{"ty":"st","c":{"a":0,"k":[0.262745112181,0.168627455831,0.321568638086,1],"ix":3},"o":{"a":0,"k":100,"ix":4},"w":{"a":0,"k":2,"ix":5},"lc":2,"lj":2,"nm":"Stroke 1","mn":"ADBE Vector Graphic - Stroke","hd":false},{"ty":"tr","p":{"a":0,"k":[0,0],"ix":2},"a":{"a":0,"k":[0,0],"ix":1},"s":{"a":0,"k":[100,100],"ix":3},"r":{"a":0,"k":0,"ix":6},"o":{"a":0,"k":100,"ix":7},"sk":{"a":0,"k":0,"ix":4},"sa":{"a":0,"k":0,"ix":5},"nm":"Transform"}],"nm":"Group 1","np":2,"cix":2,"ix":1,"mn":"ADBE Vector Group","hd":false},{"ty":"gr","it":[{"ind":0,"ty":"sh","ix":1,"ks":{"a":0,"k":{"i":[[0,0],[1.699,-0.953],[0.345,-0.614]],"o":[[-0.705,-0.015],[-1.762,0.988],[0,0]],"v":[[15,-41],[11,-40],[8,-37]],"c":false},"ix":2},"nm":"Path 1","mn":"ADBE Vector Shape - Group","hd":false},{"ty":"st","c":{"a":0,"k":[0.262745112181,0.168627455831,0.321568638086,1],"ix":3},"o":{"a":0,"k":100,"ix":4},"w":{"a":0,"k":2,"ix":5},"lc":2,"lj":2,"nm":"Stroke 1","mn":"ADBE Vector Graphic - Stroke","hd":false},{"ty":"tr","p":{"a":0,"k":[0,0],"ix":2},"a":{"a":0,"k":[0,0],"ix":1},"s":{"a":0,"k":[100,100],"ix":3},"r":{"a":0,"k":0,"ix":6},"o":{"a":0,"k":100,"ix":7},"sk":{"a":0,"k":0,"ix":4},"sa":{"a":0,"k":0,"ix":5},"nm":"Transform"}],"nm":"Group 2","np":2,"cix":2,"ix":2,"mn":"ADBE Vector Group","hd":false},{"ty":"gr","it":[{"ind":0,"ty":"sh","ix":1,"ks":{"a":0,"k":{"i":[[0,0],[-7.434,2.066],[0.094,-1.138],[1.54,-2.963],[1.485,-1.741],[0,0],[0.583,0.133],[2.585,2.792],[-0.508,-0.018]],"o":[[4.18,-6.388],[1.1,-0.306],[-0.276,3.352],[-1.055,2.03],[0,0],[-0.388,0.455],[-3.644,-0.83],[-0.345,-0.373],[0,0]],"v":[[1.559,-39.219],[20.542,-51.073],[22.611,-49.344],[20.287,-39.68],[16.249,-34.148],[13.78,-31.253],[12.202,-30.708],[3.082,-37.284],[3.076,-38.465]],"c":true},"ix":2},"nm":"Path 1","mn":"ADBE Vector Shape - Group","hd":false},{"ty":"fl","c":{"a":0,"k":[0.807843148708,0.337254911661,0.227450981736,1],"ix":4},"o":{"a":0,"k":100,"ix":5},"r":1,"nm":"Fill 1","mn":"ADBE Vector Graphic - Fill","hd":false},{"ty":"tr","p":{"a":0,"k":[0,0],"ix":2},"a":{"a":0,"k":[0,0],"ix":1},"s":{"a":0,"k":[100,100],"ix":3},"r":{"a":0,"k":0,"ix":6},"o":{"a":0,"k":100,"ix":7},"sk":{"a":0,"k":0,"ix":4},"sa":{"a":0,"k":0,"ix":5},"nm":"Transform"}],"nm":"Group 3","np":2,"cix":2,"ix":3,"mn":"ADBE Vector Group","hd":false}],"ip":0,"op":126.000005132085,"st":0,"bm":0},{"ddd":0,"ind":2,"ty":4,"nm":"dogHead","sr":1,"ks":{"o":{"a":0,"k":100,"ix":11},"r":{"a":0,"k":0,"ix":10},"p":{"a":1,"k":[{"i":{"x":0.833,"y":0.833},"o":{"x":0.167,"y":0.167},"n":"0p833_0p833_0p167_0p167","t":0,"s":[202.762,174.517,0],"e":[202.762,176,0],"to":[0,0,0],"ti":[0,0,0]},{"i":{"x":0.833,"y":0.833},"o":{"x":0.167,"y":0.167},"n":"0p833_0p833_0p167_0p167","t":4,"s":[202.762,176,0],"e":[202.762,174.517,0],"to":[0,0,0],"ti":[0,0,0]},{"i":{"x":0.833,"y":0.833},"o":{"x":0.167,"y":0.167},"n":"0p833_0p833_0p167_0p167","t":9,"s":[202.762,174.517,0],"e":[202.762,176,0],"to":[0,0,0],"ti":[0,0,0]},{"i":{"x":0.833,"y":0.833},"o":{"x":0.167,"y":0.167},"n":"0p833_0p833_0p167_0p167","t":13,"s":[202.762,176,0],"e":[202.762,174.517,0],"to":[0,0,0],"ti":[0,0,0]},{"i":{"x":0.833,"y":0.833},"o":{"x":0.167,"y":0.167},"n":"0p833_0p833_0p167_0p167","t":18,"s":[202.762,174.517,0],"e":[202.762,176,0],"to":[0,0,0],"ti":[0,0,0]},{"i":{"x":0.833,"y":0.833},"o":{"x":0.167,"y":0.167},"n":"0p833_0p833_0p167_0p167","t":22,"s":[202.762,176,0],"e":[202.762,174.517,0],"to":[0,0,0],"ti":[0,0,0]},{"i":{"x":0.833,"y":0.833},"o":{"x":0.167,"y":0.167},"n":"0p833_0p833_0p167_0p167","t":27,"s":[202.762,174.517,0],"e":[202.762,176,0],"to":[0,0,0],"ti":[0,0,0]},{"i":{"x":0.833,"y":0.833},"o":{"x":0.167,"y":0.167},"n":"0p833_0p833_0p167_0p167","t":31,"s":[202.762,176,0],"e":[202.762,174.517,0],"to":[0,0,0],"ti":[0,0,0]},{"i":{"x":0.833,"y":0.833},"o":{"x":0.167,"y":0.167},"n":"0p833_0p833_0p167_0p167","t":36,"s":[202.762,174.517,0],"e":[202.762,176,0],"to":[0,0,0],"ti":[0,0,0]},{"i":{"x":0.833,"y":0.833},"o":{"x":0.167,"y":0.167},"n":"0p833_0p833_0p167_0p167","t":40,"s":[202.762,176,0],"e":[202.762,174.517,0],"to":[0,0,0],"ti":[0,0,0]},{"i":{"x":0.833,"y":0.833},"o":{"x":0.167,"y":0.167},"n":"0p833_0p833_0p167_0p167","t":45,"s":[202.762,174.517,0],"e":[202.762,176,0],"to":[0,0,0],"ti":[0,0,0]},{"i":{"x":0.833,"y":0.833},"o":{"x":0.167,"y":0.167},"n":"0p833_0p833_0p167_0p167","t":49,"s":[202.762,176,0],"e":[202.762,174.517,0],"to":[0,0,0],"ti":[0,0,0]},{"i":{"x":0.833,"y":0.833},"o":{"x":0.167,"y":0.167},"n":"0p833_0p833_0p167_0p167","t":54,"s":[202.762,174.517,0],"e":[202.762,176,0],"to":[0,0,0],"ti":[0,0,0]},{"i":{"x":0.833,"y":0.833},"o":{"x":0.167,"y":0.167},"n":"0p833_0p833_0p167_0p167","t":58,"s":[202.762,176,0],"e":[202.762,174.517,0],"to":[0,0,0],"ti":[0,0,0]},{"i":{"x":0.833,"y":0.833},"o":{"x":0.167,"y":0.167},"n":"0p833_0p833_0p167_0p167","t":63,"s":[202.762,174.517,0],"e":[202.762,176,0],"to":[0,0,0],"ti":[0,0,0]},{"i":{"x":0.833,"y":0.833},"o":{"x":0.167,"y":0.167},"n":"0p833_0p833_0p167_0p167","t":67,"s":[202.762,176,0],"e":[202.762,174.517,0],"to":[0,0,0],"ti":[0,0,0]},{"i":{"x":0.833,"y":0.833},"o":{"x":0.167,"y":0.167},"n":"0p833_0p833_0p167_0p167","t":72,"s":[202.762,174.517,0],"e":[202.762,176,0],"to":[0,0,0],"ti":[0,0,0]},{"i":{"x":0.833,"y":0.833},"o":{"x":0.167,"y":0.167},"n":"0p833_0p833_0p167_0p167","t":76,"s":[202.762,176,0],"e":[202.762,174.517,0],"to":[0,0,0],"ti":[0,0,0]},{"i":{"x":0.833,"y":0.833},"o":{"x":0.167,"y":0.167},"n":"0p833_0p833_0p167_0p167","t":81,"s":[202.762,174.517,0],"e":[202.762,176,0],"to":[0,0,0],"ti":[0,0,0]},{"i":{"x":0.833,"y":0.833},"o":{"x":0.167,"y":0.167},"n":"0p833_0p833_0p167_0p167","t":85,"s":[202.762,176,0],"e":[202.762,174.517,0],"to":[0,0,0],"ti":[0,0,0]},{"i":{"x":0.833,"y":0.833},"o":{"x":0.167,"y":0.167},"n":"0p833_0p833_0p167_0p167","t":90,"s":[202.762,174.517,0],"e":[202.762,176,0],"to":[0,0,0],"ti":[0,0,0]},{"i":{"x":0.833,"y":0.833},"o":{"x":0.167,"y":0.167},"n":"0p833_0p833_0p167_0p167","t":94,"s":[202.762,176,0],"e":[202.762,174.517,0],"to":[0,0,0],"ti":[0,0,0]},{"i":{"x":0.833,"y":0.833},"o":{"x":0.167,"y":0.167},"n":"0p833_0p833_0p167_0p167","t":99,"s":[202.762,174.517,0],"e":[202.762,176,0],"to":[0,0,0],"ti":[0,0,0]},{"i":{"x":0.833,"y":0.833},"o":{"x":0.167,"y":0.167},"n":"0p833_0p833_0p167_0p167","t":103,"s":[202.762,176,0],"e":[202.762,174.517,0],"to":[0,0,0],"ti":[0,0,0]},{"i":{"x":0.833,"y":0.833},"o":{"x":0.167,"y":0.167},"n":"0p833_0p833_0p167_0p167","t":108,"s":[202.762,174.517,0],"e":[202.762,176,0],"to":[0,0,0],"ti":[0,0,0]},{"i":{"x":0.833,"y":0.833},"o":{"x":0.167,"y":0.167},"n":"0p833_0p833_0p167_0p167","t":112,"s":[202.762,176,0],"e":[202.762,174.517,0],"to":[0,0,0],"ti":[0,0,0]},{"i":{"x":0.833,"y":0.833},"o":{"x":0.167,"y":0.167},"n":"0p833_0p833_0p167_0p167","t":117,"s":[202.762,174.517,0],"e":[202.762,176,0],"to":[0,0,0],"ti":[0,0,0]},{"i":{"x":0.833,"y":0.833},"o":{"x":0.167,"y":0.167},"n":"0p833_0p833_0p167_0p167","t":121,"s":[202.762,176,0],"e":[202.762,174.517,0],"to":[0,0,0],"ti":[0,0,0]},{"t":126.000005132085}],"ix":2},"a":{"a":0,"k":[2.762,-25.483,0],"ix":1},"s":{"a":0,"k":[100,100,100],"ix":6}},"ao":0,"shapes":[{"ty":"gr","it":[{"ty":"gr","it":[{"ind":0,"ty":"sh","ix":1,"ks":{"a":0,"k":{"i":[[0,0],[-1.745,-0.196],[0.268,-2.713]],"o":[[-0.125,-3.13],[1.584,0.178],[0,0]],"v":[[-4,-26],[0,-31],[3,-26]],"c":false},"ix":2},"nm":"Path 1","mn":"ADBE Vector Shape - Group","hd":false},{"ty":"st","c":{"a":0,"k":[0.262745112181,0.168627455831,0.321568638086,1],"ix":3},"o":{"a":0,"k":100,"ix":4},"w":{"a":0,"k":2,"ix":5},"lc":2,"lj":2,"nm":"Stroke 1","mn":"ADBE Vector Graphic - Stroke","hd":false},{"ty":"tr","p":{"a":0,"k":[0,0],"ix":2},"a":{"a":0,"k":[0,0],"ix":1},"s":{"a":0,"k":[100,100],"ix":3},"r":{"a":0,"k":0,"ix":6},"o":{"a":1,"k":[{"i":{"x":[0.833],"y":[0.833]},"o":{"x":[0.167],"y":[0.167]},"n":["0p833_0p833_0p167_0p167"],"t":44,"s":[100],"e":[0]},{"i":{"x":[0.833],"y":[0.833]},"o":{"x":[0.167],"y":[0.167]},"n":["0p833_0p833_0p167_0p167"],"t":45,"s":[0],"e":[0]},{"i":{"x":[0.833],"y":[0.833]},"o":{"x":[0.167],"y":[0.167]},"n":["0p833_0p833_0p167_0p167"],"t":116,"s":[0],"e":[100]},{"t":117.000004765508}],"ix":7},"sk":{"a":0,"k":0,"ix":4},"sa":{"a":0,"k":0,"ix":5},"nm":"Transform"}],"nm":"dogEyesClosed","np":2,"cix":2,"ix":1,"mn":"ADBE Vector Group","hd":false},{"ty":"gr","it":[{"ty":"gr","it":[{"d":1,"ty":"el","s":{"a":0,"k":[7.495,7.54],"ix":2},"p":{"a":0,"k":[0,0],"ix":3},"nm":"Ellipse Path 1","mn":"ADBE Vector Shape - Ellipse","hd":false},{"ty":"fl","c":{"a":0,"k":[0.262745112181,0.168627455831,0.321568638086,1],"ix":4},"o":{"a":0,"k":100,"ix":5},"r":1,"nm":"Fill 1","mn":"ADBE Vector Graphic - Fill","hd":false},{"ty":"tr","p":{"a":1,"k":[{"i":{"x":0.833,"y":0.833},"o":{"x":0.167,"y":0.167},"n":"0p833_0p833_0p167_0p167","t":49,"s":[0.219,-27.469],"e":[1.219,-29.469],"to":[0.16666667163372,-0.33333599567413],"ti":[-0.16666667163372,0.33333599567413]},{"t":53.0000021587343}],"ix":2},"a":{"a":0,"k":[0,0],"ix":1},"s":{"a":0,"k":[100,100],"ix":3},"r":{"a":0,"k":0,"ix":6},"o":{"a":0,"k":100,"ix":7},"sk":{"a":0,"k":0,"ix":4},"sa":{"a":0,"k":0,"ix":5},"nm":"Transform"}],"nm":"dogPupil","np":2,"cix":2,"ix":1,"mn":"ADBE Vector Group","hd":false},{"ty":"gr","it":[{"d":1,"ty":"el","s":{"a":0,"k":[13.639,13.566],"ix":2},"p":{"a":0,"k":[0,0],"ix":3},"nm":"Ellipse Path 1","mn":"ADBE Vector Shape - Ellipse","hd":false},{"ty":"fl","c":{"a":0,"k":[1,1,1,1],"ix":4},"o":{"a":0,"k":100,"ix":5},"r":1,"nm":"Fill 1","mn":"ADBE Vector Graphic - Fill","hd":false},{"ty":"tr","p":{"a":0,"k":[0.098,-28.283],"ix":2},"a":{"a":0,"k":[0,0],"ix":1},"s":{"a":0,"k":[100,100],"ix":3},"r":{"a":0,"k":0,"ix":6},"o":{"a":0,"k":100,"ix":7},"sk":{"a":0,"k":0,"ix":4},"sa":{"a":0,"k":0,"ix":5},"nm":"Transform"}],"nm":"dogEyeball","np":2,"cix":2,"ix":2,"mn":"ADBE Vector Group","hd":false},{"ty":"tr","p":{"a":0,"k":[0,0],"ix":2},"a":{"a":0,"k":[0,0],"ix":1},"s":{"a":0,"k":[100,100],"ix":3},"r":{"a":0,"k":0,"ix":6},"o":{"a":1,"k":[{"i":{"x":[0.833],"y":[0.833]},"o":{"x":[0.167],"y":[0.167]},"n":["0p833_0p833_0p167_0p167"],"t":48,"s":[0],"e":[100]},{"i":{"x":[0.833],"y":[0.833]},"o":{"x":[0.167],"y":[0.167]},"n":["0p833_0p833_0p167_0p167"],"t":49,"s":[100],"e":[100]},{"i":{"x":[0.833],"y":[0.833]},"o":{"x":[0.167],"y":[0.167]},"n":["0p833_0p833_0p167_0p167"],"t":58,"s":[100],"e":[0]},{"i":{"x":[0.833],"y":[0.833]},"o":{"x":[0.167],"y":[0.167]},"n":["0p833_0p833_0p167_0p167"],"t":59,"s":[0],"e":[0]},{"i":{"x":[0.833],"y":[0.833]},"o":{"x":[0.167],"y":[0.167]},"n":["0p833_0p833_0p167_0p167"],"t":62,"s":[0],"e":[100]},{"i":{"x":[0.833],"y":[0.833]},"o":{"x":[0.167],"y":[0.167]},"n":["0p833_0p833_0p167_0p167"],"t":63,"s":[100],"e":[100]},{"i":{"x":[0.833],"y":[0.833]},"o":{"x":[0.167],"y":[0.167]},"n":["0p833_0p833_0p167_0p167"],"t":111,"s":[100],"e":[0]},{"t":112.000004561854}],"ix":7},"sk":{"a":0,"k":0,"ix":4},"sa":{"a":0,"k":0,"ix":5},"nm":"Transform"}],"nm":"dogEyesOpen","np":2,"cix":2,"ix":2,"mn":"ADBE Vector Group","hd":false},{"ty":"tr","p":{"a":0,"k":[0,0],"ix":2},"a":{"a":0,"k":[0,0],"ix":1},"s":{"a":0,"k":[100,100],"ix":3},"r":{"a":0,"k":0,"ix":6},"o":{"a":0,"k":100,"ix":7},"sk":{"a":0,"k":0,"ix":4},"sa":{"a":0,"k":0,"ix":5},"nm":"Transform"}],"nm":"dogEyes","np":2,"cix":2,"ix":1,"mn":"ADBE Vector Group","hd":false},{"ty":"gr","it":[{"ty":"gr","it":[{"ind":0,"ty":"sh","ix":1,"ks":{"a":0,"k":{"i":[[-0.17,-0.53],[8.54,0],[0,9.66],[-2.1,2.89],[0,0],[-4.32,-9.78],[0,0]],"o":[[-1.53,8.1],[-9.66,0],[0,-3.84],[0,0],[9.78,-4.31],[0,0],[0.23,0.52]],"v":[[16.69,-25.23],[-0.5,-11],[-18,-28.5],[-14.66,-38.77],[-11.04,-40.37],[14.49,-30.47],[16.09,-26.82]],"c":true},"ix":2},"nm":"Path 1","mn":"ADBE Vector Shape - Group","hd":false},{"ty":"fl","c":{"a":0,"k":[0.807843148708,0.337254911661,0.227450981736,1],"ix":4},"o":{"a":0,"k":100,"ix":5},"r":1,"nm":"Fill 1","mn":"ADBE Vector Graphic - Fill","hd":false},{"ty":"tr","p":{"a":0,"k":[0,0],"ix":2},"a":{"a":0,"k":[0,0],"ix":1},"s":{"a":0,"k":[100,100],"ix":3},"r":{"a":0,"k":0,"ix":6},"o":{"a":0,"k":100,"ix":7},"sk":{"a":0,"k":0,"ix":4},"sa":{"a":0,"k":0,"ix":5},"nm":"Transform"}],"nm":"Group 1","np":2,"cix":2,"ix":1,"mn":"ADBE Vector Group","hd":false},{"ty":"gr","it":[{"ind":0,"ty":"sh","ix":1,"ks":{"a":0,"k":{"i":[[-2.225,-0.155],[0,0],[1.467,-1.712],[0,0],[0.973,1.587],[0,0]],"o":[[0,0],[2.249,0.157],[0,0],[-1.211,1.413],[0,0],[-1.165,-1.902]],"v":[[-45.942,-24.367],[-37.667,-23.79],[-35.775,-19.268],[-40.394,-13.88],[-44.815,-14.232],[-48.472,-20.197]],"c":true},"ix":2},"nm":"Path 1","mn":"ADBE Vector Shape - Group","hd":false},{"ty":"fl","c":{"a":0,"k":[0.215686276555,0.235294118524,0.333333343267,1],"ix":4},"o":{"a":0,"k":100,"ix":5},"r":1,"nm":"Fill 1","mn":"ADBE Vector Graphic - Fill","hd":false},{"ty":"tr","p":{"a":0,"k":[0,0],"ix":2},"a":{"a":0,"k":[0,0],"ix":1},"s":{"a":0,"k":[100,100],"ix":3},"r":{"a":0,"k":0,"ix":6},"o":{"a":0,"k":100,"ix":7},"sk":{"a":0,"k":0,"ix":4},"sa":{"a":0,"k":0,"ix":5},"nm":"Transform"}],"nm":"Group 2","np":2,"cix":2,"ix":2,"mn":"ADBE Vector Group","hd":false},{"ty":"gr","it":[{"ind":0,"ty":"sh","ix":1,"ks":{"a":0,"k":{"i":[[0.42,-0.81],[1.55,0.12],[0.87,0.84],[0.09,0.1],[-0.05,-0.12],[1.03,-1.03],[1.39,0.12],[0.1,0.02],[0.31,0.09],[0.02,0],[0.55,0.36],[0.22,0.19],[0.13,0.12],[-0.04,-0.15],[0.36,-0.78],[1.69,-0.13],[1,0.34],[0.57,0.29],[1.39,2.12],[0.05,0.07],[0,0],[0,0],[0,0],[0,0],[-0.22,-0.6]],"o":[[-0.72,1.38],[-1.19,-0.09],[-0.1,-0.1],[0.07,0.11],[0.58,1.29],[-0.98,0.98],[-0.11,-0.01],[-0.32,-0.04],[-0.02,-0.01],[-0.63,-0.21],[-0.24,-0.17],[-0.14,-0.11],[0.07,0.14],[0.25,0.82],[-0.72,1.54],[-1.05,0.09],[-0.62,-0.2],[-2.26,-1.16],[-0.06,-0.07],[0,0],[0,0],[0,0],[0,0],[0.54,0.35],[0.3,0.86]],"v":[[-2.7,0.88],[-6.61,2.92],[-9.8,1.41],[-10.09,1.11],[-9.91,1.46],[-10.68,5.47],[-14.49,6.73],[-14.8,6.69],[-15.74,6.49],[-15.81,6.47],[-17.58,5.61],[-18.28,5.08],[-18.69,4.73],[-18.53,5.17],[-18.69,7.69],[-22.8,10.28],[-25.9,9.85],[-27.69,9.09],[-33.36,4.12],[-33.51,3.91],[-25.9,2.08],[-14.64,-0.63],[-13.49,-0.91],[-3.69,-3.27],[-2.55,-1.79]],"c":true},"ix":2},"nm":"Path 1","mn":"ADBE Vector Shape - Group","hd":false},{"ty":"fl","c":{"a":0,"k":[0.878431379795,0.447058826685,0.329411774874,1],"ix":4},"o":{"a":0,"k":100,"ix":5},"r":1,"nm":"Fill 1","mn":"ADBE Vector Graphic - Fill","hd":false},{"ty":"tr","p":{"a":0,"k":[0,0],"ix":2},"a":{"a":0,"k":[0,0],"ix":1},"s":{"a":0,"k":[100,100],"ix":3},"r":{"a":0,"k":0,"ix":6},"o":{"a":0,"k":100,"ix":7},"sk":{"a":0,"k":0,"ix":4},"sa":{"a":0,"k":0,"ix":5},"nm":"Transform"}],"nm":"Group 3","np":2,"cix":2,"ix":3,"mn":"ADBE Vector Group","hd":false},{"ty":"gr","it":[{"ind":0,"ty":"sh","ix":1,"ks":{"a":0,"k":{"i":[[7.25,-3.2],[0,0],[4.32,9.78],[0,0],[-4.09,1.81],[0,0],[0,0],[-4.32,-9.78],[0,0],[-0.17,-0.53]],"o":[[0,0],[-9.79,4.31],[0,0],[-1.81,-4.09],[0,0],[0,0],[9.78,-4.31],[0,0],[0.23,0.52],[2.34,7.38]],"v":[[8.23,-6.54],[-16.87,4.53],[-42.4,-5.37],[-46.94,-15.68],[-42.8,-26.36],[-14.66,-38.77],[-11.04,-40.37],[14.49,-30.47],[16.09,-26.82],[16.69,-25.23]],"c":true},"ix":2},"nm":"Path 1","mn":"ADBE Vector Shape - Group","hd":false},{"ty":"fl","c":{"a":0,"k":[0.878431379795,0.447058826685,0.329411774874,1],"ix":4},"o":{"a":0,"k":100,"ix":5},"r":1,"nm":"Fill 1","mn":"ADBE Vector Graphic - Fill","hd":false},{"ty":"tr","p":{"a":0,"k":[0,0],"ix":2},"a":{"a":0,"k":[0,0],"ix":1},"s":{"a":0,"k":[100,100],"ix":3},"r":{"a":0,"k":0,"ix":6},"o":{"a":0,"k":100,"ix":7},"sk":{"a":0,"k":0,"ix":4},"sa":{"a":0,"k":0,"ix":5},"nm":"Transform"}],"nm":"Group 4","np":2,"cix":2,"ix":4,"mn":"ADBE Vector Group","hd":false},{"ty":"tr","p":{"a":0,"k":[0,0],"ix":2},"a":{"a":0,"k":[0,0],"ix":1},"s":{"a":0,"k":[100,100],"ix":3},"r":{"a":0,"k":0,"ix":6},"o":{"a":0,"k":100,"ix":7},"sk":{"a":0,"k":0,"ix":4},"sa":{"a":0,"k":0,"ix":5},"nm":"Transform"}],"nm":"dogHead","np":4,"cix":2,"ix":2,"mn":"ADBE Vector Group","hd":false}],"ip":0,"op":126.000005132085,"st":0,"bm":0},{"ddd":0,"ind":3,"ty":4,"nm":"legRight","sr":1,"ks":{"o":{"a":0,"k":100,"ix":11},"r":{"a":0,"k":0,"ix":10},"p":{"a":0,"k":[210.873,233.237,0],"ix":2},"a":{"a":0,"k":[10.873,33.237,0],"ix":1},"s":{"a":0,"k":[100,100,100],"ix":6}},"ao":0,"shapes":[{"ty":"gr","it":[{"ind":0,"ty":"sh","ix":1,"ks":{"a":0,"k":{"i":[[0,0],[0,0],[0,0]],"o":[[0,0],[0,0],[0,0]],"v":[[10.6,32.908],[10.474,62.114],[17.021,63.315]],"c":false},"ix":2},"nm":"Path 1","mn":"ADBE Vector Shape - Group","hd":false},{"ty":"st","c":{"a":0,"k":[0.807843148708,0.337254911661,0.227450981736,1],"ix":3},"o":{"a":0,"k":100,"ix":4},"w":{"a":0,"k":13,"ix":5},"lc":2,"lj":2,"nm":"Stroke 1","mn":"ADBE Vector Graphic - Stroke","hd":false},{"ty":"tr","p":{"a":0,"k":[0,0],"ix":2},"a":{"a":0,"k":[0,0],"ix":1},"s":{"a":0,"k":[100,100],"ix":3},"r":{"a":0,"k":0,"ix":6},"o":{"a":0,"k":100,"ix":7},"sk":{"a":0,"k":0,"ix":4},"sa":{"a":0,"k":0,"ix":5},"nm":"Transform"}],"nm":"Group 1","np":2,"cix":2,"ix":1,"mn":"ADBE Vector Group","hd":false}],"ip":0,"op":126.000005132085,"st":0,"bm":0},{"ddd":0,"ind":4,"ty":4,"nm":"legLeft","sr":1,"ks":{"o":{"a":0,"k":100,"ix":11},"r":{"a":0,"k":0,"ix":10},"p":{"a":0,"k":[193.123,232.737,0],"ix":2},"a":{"a":0,"k":[-6.877,32.737,0],"ix":1},"s":{"a":0,"k":[100,100,100],"ix":6}},"ao":0,"shapes":[{"ty":"gr","it":[{"ind":0,"ty":"sh","ix":1,"ks":{"a":0,"k":{"i":[[0,0],[0,0],[0,0]],"o":[[0,0],[0,0],[0,0]],"v":[[-7.104,32.908],[-6.979,62.114],[-13.526,63.315]],"c":false},"ix":2},"nm":"Path 1","mn":"ADBE Vector Shape - Group","hd":false},{"ty":"st","c":{"a":0,"k":[0.807843148708,0.337254911661,0.227450981736,1],"ix":3},"o":{"a":0,"k":100,"ix":4},"w":{"a":0,"k":13,"ix":5},"lc":2,"lj":2,"nm":"Stroke 1","mn":"ADBE Vector Graphic - Stroke","hd":false},{"ty":"tr","p":{"a":0,"k":[0,0],"ix":2},"a":{"a":0,"k":[0,0],"ix":1},"s":{"a":0,"k":[100,100],"ix":3},"r":{"a":0,"k":0,"ix":6},"o":{"a":0,"k":100,"ix":7},"sk":{"a":0,"k":0,"ix":4},"sa":{"a":0,"k":0,"ix":5},"nm":"Transform"}],"nm":"Group 1","np":2,"cix":2,"ix":1,"mn":"ADBE Vector Group","hd":false}],"ip":0,"op":126.000005132085,"st":0,"bm":0},{"ddd":0,"ind":5,"ty":4,"nm":"headShadow","sr":1,"ks":{"o":{"a":0,"k":100,"ix":11},"r":{"a":0,"k":0,"ix":10},"p":{"a":0,"k":[195,205.5,0],"ix":2},"a":{"a":0,"k":[-5,5.5,0],"ix":1},"s":{"a":0,"k":[100,100,100],"ix":6}},"ao":0,"shapes":[{"ty":"gr","it":[{"ind":0,"ty":"sh","ix":1,"ks":{"a":0,"k":{"i":[[0,0],[0,0],[4.804,-5.314],[3.647,-2.331],[0.04,0.04],[-0.02,0.03],[0,0],[0,0],[0,0],[0.55,0.36],[0,0],[0,0],[0,0],[0,0]],"o":[[0,0],[-1.96,3.954],[-4.644,5.137],[-0.04,-0.04],[0.02,-0.03],[0,0],[0,0],[0,0],[-0.63,-0.21],[0,0],[0,0],[0,0],[0,0],[0,0]],"v":[[9,-9],[5.86,-5.49],[-4,9],[-17,20],[-17.12,19.88],[-17.06,19.79],[-15.71,12],[-19,12],[-15.81,6.47],[-17.58,5.61],[-17.12,4.63],[-14.64,-0.63],[-14,-2],[-13.26,-2.22]],"c":true},"ix":2},"nm":"Path 1","mn":"ADBE Vector Shape - Group","hd":false},{"ty":"fl","c":{"a":0,"k":[0.635294139385,0.254901975393,0.172549024224,1],"ix":4},"o":{"a":0,"k":100,"ix":5},"r":1,"nm":"Fill 1","mn":"ADBE Vector Graphic - Fill","hd":false},{"ty":"tr","p":{"a":0,"k":[0,0],"ix":2},"a":{"a":0,"k":[0,0],"ix":1},"s":{"a":0,"k":[100,100],"ix":3},"r":{"a":0,"k":0,"ix":6},"o":{"a":0,"k":100,"ix":7},"sk":{"a":0,"k":0,"ix":4},"sa":{"a":0,"k":0,"ix":5},"nm":"Transform"}],"nm":"Group 1","np":2,"cix":2,"ix":1,"mn":"ADBE Vector Group","hd":false}],"ip":0,"op":126.000005132085,"st":0,"bm":0},{"ddd":0,"ind":6,"ty":4,"nm":"dogBody","sr":1,"ks":{"o":{"a":0,"k":100,"ix":11},"r":{"a":0,"k":0,"ix":10},"p":{"a":0,"k":[201.9,262.991,0],"ix":2},"a":{"a":0,"k":[1.9,62.991,0],"ix":1},"s":{"a":0,"k":[100,100,100],"ix":6}},"ao":0,"shapes":[{"ty":"gr","it":[{"ind":0,"ty":"sh","ix":1,"ks":{"a":0,"k":{"i":[[0,0],[0,0],[0,0]],"o":[[0,0],[0,0],[0,0]],"v":[[17.361,-21.488],[22.5,-2.5],[17.5,-2.5]],"c":true},"ix":2},"nm":"Path 1","mn":"ADBE Vector Shape - Group","hd":false},{"ty":"fl","c":{"a":0,"k":[0.878431379795,0.447058826685,0.329411774874,1],"ix":4},"o":{"a":0,"k":100,"ix":5},"r":1,"nm":"Fill 1","mn":"ADBE Vector Graphic - Fill","hd":false},{"ty":"tr","p":{"a":0,"k":[0,0],"ix":2},"a":{"a":0,"k":[0,0],"ix":1},"s":{"a":0,"k":[100,100],"ix":3},"r":{"a":0,"k":0,"ix":6},"o":{"a":0,"k":100,"ix":7},"sk":{"a":0,"k":0,"ix":4},"sa":{"a":0,"k":0,"ix":5},"nm":"Transform"}],"nm":"Group 1","np":2,"cix":2,"ix":1,"mn":"ADBE Vector Group","hd":false},{"ty":"gr","it":[{"ind":0,"ty":"sh","ix":1,"ks":{"a":0,"k":{"i":[[0,-10.18],[0,0],[0.22,-1.06],[3.4,-1.74],[1.16,-0.17],[0.35,-0.04],[1.15,-0.12],[4.3,0.03],[4.37,0.58],[0,0],[0.37,0.05],[1.82,2.32],[0,3.67],[0,0],[-4.78,6.55],[-0.02,0.03],[-1.73,1.39],[-4.1,0],[0,0],[-4.31,-6.16]],"o":[[0,0],[0,1.14],[-0.87,4.28],[-1.02,0.52],[-0.35,0.05],[-1.11,0.16],[-3.87,0.4],[-4.95,-0.04],[0,0],[-0.38,-0.05],[-2.85,-0.41],[-1.99,-2.52],[0,0],[0,-10.46],[0.02,-0.03],[1.44,-1.96],[3.37,-2.73],[0,0],[6.42,0],[4.55,6.52]],"v":[[27.95,46.31],[27.95,49.16],[27.61,52.47],[20.79,62.03],[17.52,63.08],[16.47,63.22],[13.09,63.63],[0.81,64.23],[-13.19,63.26],[-13.4,63.23],[-14.53,63.07],[-21.71,58.73],[-24.9,49.16],[-24.9,46.31],[-17.12,19.88],[-17.06,19.79],[-12.28,14.74],[-0.95,10.47],[4.01,10.47],[20.56,20.41]],"c":true},"ix":2},"nm":"Path 1","mn":"ADBE Vector Shape - Group","hd":false},{"ty":"fl","c":{"a":0,"k":[0.878431379795,0.447058826685,0.329411774874,1],"ix":4},"o":{"a":0,"k":100,"ix":5},"r":1,"nm":"Fill 1","mn":"ADBE Vector Graphic - Fill","hd":false},{"ty":"tr","p":{"a":0,"k":[0,0],"ix":2},"a":{"a":0,"k":[0,0],"ix":1},"s":{"a":0,"k":[100,100],"ix":3},"r":{"a":0,"k":0,"ix":6},"o":{"a":0,"k":100,"ix":7},"sk":{"a":0,"k":0,"ix":4},"sa":{"a":0,"k":0,"ix":5},"nm":"Transform"}],"nm":"Group 2","np":2,"cix":2,"ix":2,"mn":"ADBE Vector Group","hd":false},{"ty":"gr","it":[{"ind":0,"ty":"sh","ix":1,"ks":{"a":0,"k":{"i":[[0,0],[0,0],[0,0],[0,0],[0,0],[0,0],[0,0],[0,0],[0,0],[0,0],[0,0],[0,0],[0,0],[0,0],[0,0],[0,0],[0,0],[0,0],[0,0]],"o":[[0,0],[0,0],[0,0],[0,0],[0,0],[0,0],[0,0],[0,0],[0,0],[0,0],[0,0],[0,0],[0,0],[0,0],[0,0],[0,0],[0,0],[0,0],[0,0]],"v":[[23.3,54.66],[-23.07,54.66],[-17.08,19.92],[-17.06,19.79],[-15.71,12],[-14.8,6.69],[-14.31,3.87],[-14.23,3.36],[-13.49,-0.91],[-13.26,-2.22],[-11.13,-14.6],[-9.73,-22.71],[16.4,-23.97],[17,-24],[17.36,-19.49],[17.36,-19.45],[18.88,-0.5],[20.56,20.41],[23.17,53.02]],"c":true},"ix":2},"nm":"Path 1","mn":"ADBE Vector Shape - Group","hd":false},{"ty":"fl","c":{"a":0,"k":[0.878431379795,0.447058826685,0.329411774874,1],"ix":4},"o":{"a":0,"k":100,"ix":5},"r":1,"nm":"Fill 1","mn":"ADBE Vector Graphic - Fill","hd":false},{"ty":"tr","p":{"a":0,"k":[0,0],"ix":2},"a":{"a":0,"k":[0,0],"ix":1},"s":{"a":0,"k":[100,100],"ix":3},"r":{"a":0,"k":0,"ix":6},"o":{"a":0,"k":100,"ix":7},"sk":{"a":0,"k":0,"ix":4},"sa":{"a":0,"k":0,"ix":5},"nm":"Transform"}],"nm":"Group 3","np":2,"cix":2,"ix":3,"mn":"ADBE Vector Group","hd":false}],"ip":0,"op":126.000005132085,"st":0,"bm":0},{"ddd":0,"ind":7,"ty":4,"nm":"backEar","parent":2,"sr":1,"ks":{"o":{"a":0,"k":100,"ix":11},"r":{"a":1,"k":[{"i":{"x":[0.833],"y":[0.833]},"o":{"x":[0.167],"y":[0.167]},"n":["0p833_0p833_0p167_0p167"],"t":35,"s":[-3],"e":[12]},{"i":{"x":[0.833],"y":[0.833]},"o":{"x":[0.167],"y":[0.167]},"n":["0p833_0p833_0p167_0p167"],"t":39,"s":[12],"e":[12]},{"i":{"x":[0.833],"y":[0.833]},"o":{"x":[0.167],"y":[0.167]},"n":["0p833_0p833_0p167_0p167"],"t":84,"s":[12],"e":[-3]},{"i":{"x":[0.833],"y":[0.833]},"o":{"x":[0.167],"y":[0.167]},"n":["0p833_0p833_0p167_0p167"],"t":87,"s":[-3],"e":[12]},{"i":{"x":[0.833],"y":[0.833]},"o":{"x":[0.167],"y":[0.167]},"n":["0p833_0p833_0p167_0p167"],"t":91,"s":[12],"e":[-3]},{"t":95.0000038694293}],"ix":10},"p":{"a":0,"k":[-2.094,-34.279,0],"ix":2},"a":{"a":0,"k":[-1.486,-35.402,0],"ix":1},"s":{"a":0,"k":[100,100,100],"ix":6}},"ao":0,"shapes":[{"ty":"gr","it":[{"ind":0,"ty":"sh","ix":1,"ks":{"a":0,"k":{"i":[[0,0],[-6.503,4.153],[-0.244,-1.116],[0.605,-3.284],[0.91,-2.1],[0,0],[0.596,-0.044],[3.289,1.912],[-0.49,0.132]],"o":[[2.126,-7.333],[0.963,-0.615],[0.717,3.286],[-0.414,2.25],[0,0],[-0.238,0.548],[-3.728,0.273],[-0.439,-0.255],[0,0]],"v":[[-8.008,-38.849],[6.671,-55.744],[9.156,-54.697],[9.764,-44.776],[7.523,-38.304],[6.01,-34.812],[4.661,-33.829],[-5.985,-37.446],[-6.337,-38.573]],"c":true},"ix":2},"nm":"Path 1","mn":"ADBE Vector Shape - Group","hd":false},{"ty":"fl","c":{"a":0,"k":[0.635294139385,0.254901975393,0.172549024224,1],"ix":4},"o":{"a":0,"k":100,"ix":5},"r":1,"nm":"Fill 1","mn":"ADBE Vector Graphic - Fill","hd":false},{"ty":"tr","p":{"a":0,"k":[0,0],"ix":2},"a":{"a":0,"k":[0,0],"ix":1},"s":{"a":0,"k":[100,100],"ix":3},"r":{"a":0,"k":0,"ix":6},"o":{"a":0,"k":100,"ix":7},"sk":{"a":0,"k":0,"ix":4},"sa":{"a":0,"k":0,"ix":5},"nm":"Transform"}],"nm":"Group 1","np":2,"cix":2,"ix":1,"mn":"ADBE Vector Group","hd":false}],"ip":0,"op":126.000005132085,"st":0,"bm":0},{"ddd":0,"ind":8,"ty":4,"nm":"tongue","sr":1,"ks":{"o":{"a":0,"k":100,"ix":11},"r":{"a":0,"k":0,"ix":10},"p":{"a":0,"k":[168.875,200.75,0],"ix":2},"a":{"a":0,"k":[-31.125,-7.25,0],"ix":1},"s":{"a":0,"k":[100,100,100],"ix":6}},"ao":0,"shapes":[{"ty":"gr","it":[{"ind":0,"ty":"sh","ix":1,"ks":{"a":0,"k":{"i":[[0,0],[0,0]],"o":[[0,0],[0,0]],"v":[[-31,-8],[-31,10]],"c":false},"ix":2},"nm":"Path 1","mn":"ADBE Vector Shape - Group","hd":false},{"ty":"tm","s":{"a":0,"k":0,"ix":1},"e":{"a":1,"k":[{"i":{"x":[0.833],"y":[0.833]},"o":{"x":[0.167],"y":[0.167]},"n":["0p833_0p833_0p167_0p167"],"t":0,"s":[100],"e":[75]},{"i":{"x":[0.833],"y":[0.833]},"o":{"x":[0.167],"y":[0.167]},"n":["0p833_0p833_0p167_0p167"],"t":4,"s":[75],"e":[100]},{"i":{"x":[0.833],"y":[0.833]},"o":{"x":[0.167],"y":[0.167]},"n":["0p833_0p833_0p167_0p167"],"t":9,"s":[100],"e":[75]},{"i":{"x":[0.833],"y":[0.833]},"o":{"x":[0.167],"y":[0.167]},"n":["0p833_0p833_0p167_0p167"],"t":13,"s":[75],"e":[100]},{"i":{"x":[0.833],"y":[0.833]},"o":{"x":[0.167],"y":[0.167]},"n":["0p833_0p833_0p167_0p167"],"t":18,"s":[100],"e":[75]},{"i":{"x":[0.833],"y":[0.833]},"o":{"x":[0.167],"y":[0.167]},"n":["0p833_0p833_0p167_0p167"],"t":22,"s":[75],"e":[100]},{"i":{"x":[0.833],"y":[0.833]},"o":{"x":[0.167],"y":[0.167]},"n":["0p833_0p833_0p167_0p167"],"t":27,"s":[100],"e":[75]},{"i":{"x":[0.833],"y":[0.833]},"o":{"x":[0.167],"y":[0.167]},"n":["0p833_0p833_0p167_0p167"],"t":31,"s":[75],"e":[100]},{"i":{"x":[0.833],"y":[0.833]},"o":{"x":[0.167],"y":[0.167]},"n":["0p833_0p833_0p167_0p167"],"t":36,"s":[100],"e":[75]},{"i":{"x":[0.833],"y":[0.833]},"o":{"x":[0.167],"y":[0.167]},"n":["0p833_0p833_0p167_0p167"],"t":40,"s":[75],"e":[100]},{"i":{"x":[0.833],"y":[0.833]},"o":{"x":[0.167],"y":[0.167]},"n":["0p833_0p833_0p167_0p167"],"t":45,"s":[100],"e":[75]},{"i":{"x":[0.833],"y":[0.833]},"o":{"x":[0.167],"y":[0.167]},"n":["0p833_0p833_0p167_0p167"],"t":49,"s":[75],"e":[100]},{"i":{"x":[0.833],"y":[0.833]},"o":{"x":[0.167],"y":[0.167]},"n":["0p833_0p833_0p167_0p167"],"t":54,"s":[100],"e":[75]},{"i":{"x":[0.833],"y":[0.833]},"o":{"x":[0.167],"y":[0.167]},"n":["0p833_0p833_0p167_0p167"],"t":58,"s":[75],"e":[100]},{"i":{"x":[0.833],"y":[0.833]},"o":{"x":[0.167],"y":[0.167]},"n":["0p833_0p833_0p167_0p167"],"t":63,"s":[100],"e":[75]},{"i":{"x":[0.833],"y":[0.833]},"o":{"x":[0.167],"y":[0.167]},"n":["0p833_0p833_0p167_0p167"],"t":67,"s":[75],"e":[100]},{"i":{"x":[0.833],"y":[0.833]},"o":{"x":[0.167],"y":[0.167]},"n":["0p833_0p833_0p167_0p167"],"t":72,"s":[100],"e":[75]},{"i":{"x":[0.833],"y":[0.833]},"o":{"x":[0.167],"y":[0.167]},"n":["0p833_0p833_0p167_0p167"],"t":76,"s":[75],"e":[100]},{"i":{"x":[0.833],"y":[0.833]},"o":{"x":[0.167],"y":[0.167]},"n":["0p833_0p833_0p167_0p167"],"t":81,"s":[100],"e":[75]},{"i":{"x":[0.833],"y":[0.833]},"o":{"x":[0.167],"y":[0.167]},"n":["0p833_0p833_0p167_0p167"],"t":85,"s":[75],"e":[100]},{"i":{"x":[0.833],"y":[0.833]},"o":{"x":[0.167],"y":[0.167]},"n":["0p833_0p833_0p167_0p167"],"t":90,"s":[100],"e":[75]},{"i":{"x":[0.833],"y":[0.833]},"o":{"x":[0.167],"y":[0.167]},"n":["0p833_0p833_0p167_0p167"],"t":94,"s":[75],"e":[100]},{"i":{"x":[0.833],"y":[0.833]},"o":{"x":[0.167],"y":[0.167]},"n":["0p833_0p833_0p167_0p167"],"t":99,"s":[100],"e":[75]},{"i":{"x":[0.833],"y":[0.833]},"o":{"x":[0.167],"y":[0.167]},"n":["0p833_0p833_0p167_0p167"],"t":103,"s":[75],"e":[100]},{"i":{"x":[0.833],"y":[0.833]},"o":{"x":[0.167],"y":[0.167]},"n":["0p833_0p833_0p167_0p167"],"t":108,"s":[100],"e":[75]},{"i":{"x":[0.833],"y":[0.833]},"o":{"x":[0.167],"y":[0.167]},"n":["0p833_0p833_0p167_0p167"],"t":112,"s":[75],"e":[100]},{"i":{"x":[0.833],"y":[0.833]},"o":{"x":[0.167],"y":[0.167]},"n":["0p833_0p833_0p167_0p167"],"t":117,"s":[100],"e":[75]},{"i":{"x":[0.833],"y":[0.833]},"o":{"x":[0.167],"y":[0.167]},"n":["0p833_0p833_0p167_0p167"],"t":121,"s":[75],"e":[100]},{"t":126.000005132085}],"ix":2},"o":{"a":0,"k":0,"ix":3},"m":1,"ix":2,"nm":"Trim Paths 1","mn":"ADBE Vector Filter - Trim","hd":false},{"ty":"st","c":{"a":0,"k":[1,0.65098041296,0.764705896378,1],"ix":3},"o":{"a":0,"k":100,"ix":4},"w":{"a":0,"k":11,"ix":5},"lc":2,"lj":1,"ml":10,"nm":"Stroke 1","mn":"ADBE Vector Graphic - Stroke","hd":false},{"ty":"tr","p":{"a":0,"k":[0,0],"ix":2},"a":{"a":0,"k":[0,0],"ix":1},"s":{"a":0,"k":[100,100],"ix":3},"r":{"a":0,"k":0,"ix":6},"o":{"a":0,"k":100,"ix":7},"sk":{"a":0,"k":0,"ix":4},"sa":{"a":0,"k":0,"ix":5},"nm":"Transform"}],"nm":"dogTongue","np":3,"cix":2,"ix":1,"mn":"ADBE Vector Group","hd":false}],"ip":0,"op":126.000005132085,"st":0,"bm":0},{"ddd":0,"ind":9,"ty":4,"nm":"tail","sr":1,"ks":{"o":{"a":0,"k":100,"ix":11},"r":{"a":1,"k":[{"i":{"x":[0.833],"y":[0.833]},"o":{"x":[0.167],"y":[0.167]},"n":["0p833_0p833_0p167_0p167"],"t":0,"s":[0],"e":[17]},{"i":{"x":[0.833],"y":[0.833]},"o":{"x":[0.167],"y":[0.167]},"n":["0p833_0p833_0p167_0p167"],"t":4,"s":[17],"e":[0]},{"i":{"x":[0.833],"y":[0.833]},"o":{"x":[0.167],"y":[0.167]},"n":["0p833_0p833_0p167_0p167"],"t":9,"s":[0],"e":[17]},{"i":{"x":[0.833],"y":[0.833]},"o":{"x":[0.167],"y":[0.167]},"n":["0p833_0p833_0p167_0p167"],"t":13,"s":[17],"e":[0]},{"i":{"x":[0.833],"y":[0.833]},"o":{"x":[0.167],"y":[0.167]},"n":["0p833_0p833_0p167_0p167"],"t":18,"s":[0],"e":[17]},{"i":{"x":[0.833],"y":[0.833]},"o":{"x":[0.167],"y":[0.167]},"n":["0p833_0p833_0p167_0p167"],"t":22,"s":[17],"e":[0]},{"i":{"x":[0.833],"y":[0.833]},"o":{"x":[0.167],"y":[0.167]},"n":["0p833_0p833_0p167_0p167"],"t":27,"s":[0],"e":[17]},{"i":{"x":[0.833],"y":[0.833]},"o":{"x":[0.167],"y":[0.167]},"n":["0p833_0p833_0p167_0p167"],"t":31,"s":[17],"e":[0]},{"i":{"x":[0.833],"y":[0.833]},"o":{"x":[0.167],"y":[0.167]},"n":["0p833_0p833_0p167_0p167"],"t":36,"s":[0],"e":[17]},{"i":{"x":[0.833],"y":[0.833]},"o":{"x":[0.167],"y":[0.167]},"n":["0p833_0p833_0p167_0p167"],"t":40,"s":[17],"e":[0]},{"i":{"x":[0.833],"y":[0.833]},"o":{"x":[0.167],"y":[0.167]},"n":["0p833_0p833_0p167_0p167"],"t":45,"s":[0],"e":[17]},{"i":{"x":[0.833],"y":[0.833]},"o":{"x":[0.167],"y":[0.167]},"n":["0p833_0p833_0p167_0p167"],"t":49,"s":[17],"e":[0]},{"i":{"x":[0.833],"y":[0.833]},"o":{"x":[0.167],"y":[0.167]},"n":["0p833_0p833_0p167_0p167"],"t":54,"s":[0],"e":[17]},{"i":{"x":[0.833],"y":[0.833]},"o":{"x":[0.167],"y":[0.167]},"n":["0p833_0p833_0p167_0p167"],"t":58,"s":[17],"e":[0]},{"i":{"x":[0.833],"y":[0.833]},"o":{"x":[0.167],"y":[0.167]},"n":["0p833_0p833_0p167_0p167"],"t":63,"s":[0],"e":[17]},{"i":{"x":[0.833],"y":[0.833]},"o":{"x":[0.167],"y":[0.167]},"n":["0p833_0p833_0p167_0p167"],"t":67,"s":[17],"e":[0]},{"i":{"x":[0.833],"y":[0.833]},"o":{"x":[0.167],"y":[0.167]},"n":["0p833_0p833_0p167_0p167"],"t":72,"s":[0],"e":[17]},{"i":{"x":[0.833],"y":[0.833]},"o":{"x":[0.167],"y":[0.167]},"n":["0p833_0p833_0p167_0p167"],"t":76,"s":[17],"e":[0]},{"i":{"x":[0.833],"y":[0.833]},"o":{"x":[0.167],"y":[0.167]},"n":["0p833_0p833_0p167_0p167"],"t":81,"s":[0],"e":[17]},{"i":{"x":[0.833],"y":[0.833]},"o":{"x":[0.167],"y":[0.167]},"n":["0p833_0p833_0p167_0p167"],"t":85,"s":[17],"e":[0]},{"i":{"x":[0.833],"y":[0.833]},"o":{"x":[0.167],"y":[0.167]},"n":["0p833_0p833_0p167_0p167"],"t":90,"s":[0],"e":[17]},{"i":{"x":[0.833],"y":[0.833]},"o":{"x":[0.167],"y":[0.167]},"n":["0p833_0p833_0p167_0p167"],"t":94,"s":[17],"e":[0]},{"i":{"x":[0.833],"y":[0.833]},"o":{"x":[0.167],"y":[0.167]},"n":["0p833_0p833_0p167_0p167"],"t":99,"s":[0],"e":[17]},{"i":{"x":[0.833],"y":[0.833]},"o":{"x":[0.167],"y":[0.167]},"n":["0p833_0p833_0p167_0p167"],"t":103,"s":[17],"e":[0]},{"i":{"x":[0.833],"y":[0.833]},"o":{"x":[0.167],"y":[0.167]},"n":["0p833_0p833_0p167_0p167"],"t":108,"s":[0],"e":[17]},{"i":{"x":[0.833],"y":[0.833]},"o":{"x":[0.167],"y":[0.167]},"n":["0p833_0p833_0p167_0p167"],"t":112,"s":[17],"e":[0]},{"i":{"x":[0.833],"y":[0.833]},"o":{"x":[0.167],"y":[0.167]},"n":["0p833_0p833_0p167_0p167"],"t":117,"s":[0],"e":[17]},{"i":{"x":[0.833],"y":[0.833]},"o":{"x":[0.167],"y":[0.167]},"n":["0p833_0p833_0p167_0p167"],"t":121,"s":[17],"e":[0]},{"t":126.000005132085}],"ix":10},"p":{"a":0,"k":[220.207,251.847,0],"ix":2},"a":{"a":0,"k":[22.707,52.347,0],"ix":1},"s":{"a":0,"k":[100,100,100],"ix":6}},"ao":0,"shapes":[{"ty":"gr","it":[{"ind":0,"ty":"sh","ix":1,"ks":{"a":0,"k":{"i":[[0,0]],"o":[[0,0]],"v":[[33.375,39.75]],"c":false},"ix":2},"nm":"Path 1","mn":"ADBE Vector Shape - Group","hd":false},{"ty":"st","c":{"a":0,"k":[0.807843137255,0.337254901961,0.227450980392,1],"ix":3},"o":{"a":0,"k":100,"ix":4},"w":{"a":0,"k":8,"ix":5},"lc":1,"lj":1,"ml":4,"nm":"Stroke 1","mn":"ADBE Vector Graphic - Stroke","hd":false},{"ty":"fl","c":{"a":0,"k":[0.853815953872,0.565009023629,0.857254985735,1],"ix":4},"o":{"a":0,"k":100,"ix":5},"r":1,"nm":"Fill 1","mn":"ADBE Vector Graphic - Fill","hd":false},{"ty":"tr","p":{"a":0,"k":[0,0],"ix":2},"a":{"a":0,"k":[0,0],"ix":1},"s":{"a":0,"k":[100,100],"ix":3},"r":{"a":0,"k":0,"ix":6},"o":{"a":0,"k":100,"ix":7},"sk":{"a":0,"k":0,"ix":4},"sa":{"a":0,"k":0,"ix":5},"nm":"Transform"}],"nm":"Shape 1","np":3,"cix":2,"ix":1,"mn":"ADBE Vector Group","hd":false},{"ty":"gr","it":[{"ind":0,"ty":"sh","ix":1,"ks":{"a":1,"k":[{"i":{"x":0.833,"y":0.833},"o":{"x":0.167,"y":0.167},"n":"0p833_0p833_0p167_0p167","t":0,"s":[{"i":[[0,0],[-3.314,6.549],[2.961,-0.36]],"o":[[1.008,0.078],[3.047,-6.021],[0,0]],"v":[[22.125,52.981],[35.078,48.271],[31.414,37.923]],"c":false}],"e":[{"i":[[0,0],[-6.062,3.053],[-0.242,4.878]],"o":[[1.008,0.078],[3.147,-1.294],[0,0]],"v":[[22.125,52.981],[32.576,49.954],[40.665,39.289]],"c":false}]},{"i":{"x":0.833,"y":0.833},"o":{"x":0.167,"y":0.167},"n":"0p833_0p833_0p167_0p167","t":2,"s":[{"i":[[0,0],[-6.062,3.053],[-0.242,4.878]],"o":[[1.008,0.078],[3.147,-1.294],[0,0]],"v":[[22.125,52.981],[32.576,49.954],[40.665,39.289]],"c":false}],"e":[{"i":[[0,0],[-8.217,3.855],[-3.772,2.269]],"o":[[1.008,0.078],[11.222,-5.265],[0,0]],"v":[[22.125,52.981],[36.658,49.161],[49.916,40.655]],"c":false}]},{"i":{"x":0.833,"y":0.833},"o":{"x":0.167,"y":0.167},"n":"0p833_0p833_0p167_0p167","t":4,"s":[{"i":[[0,0],[-8.217,3.855],[-3.772,2.269]],"o":[[1.008,0.078],[11.222,-5.265],[0,0]],"v":[[22.125,52.981],[36.658,49.161],[49.916,40.655]],"c":false}],"e":[{"i":[[0,0],[-3.317,3.865],[0.271,2.723]],"o":[[1.008,0.078],[3.743,-1.8],[0,0]],"v":[[22.125,52.981],[36.662,49.912],[42.515,39.562]],"c":false}]},{"i":{"x":0.833,"y":0.833},"o":{"x":0.167,"y":0.167},"n":"0p833_0p833_0p167_0p167","t":6,"s":[{"i":[[0,0],[-3.317,3.865],[0.271,2.723]],"o":[[1.008,0.078],[3.743,-1.8],[0,0]],"v":[[22.125,52.981],[36.662,49.912],[42.515,39.562]],"c":false}],"e":[{"i":[[0,0],[-3.314,6.549],[2.961,-0.36]],"o":[[1.008,0.078],[3.047,-6.021],[0,0]],"v":[[22.125,52.981],[35.078,48.271],[31.414,37.923]],"c":false}]},{"i":{"x":0.833,"y":0.833},"o":{"x":0.167,"y":0.167},"n":"0p833_0p833_0p167_0p167","t":9,"s":[{"i":[[0,0],[-3.314,6.549],[2.961,-0.36]],"o":[[1.008,0.078],[3.047,-6.021],[0,0]],"v":[[22.125,52.981],[35.078,48.271],[31.414,37.923]],"c":false}],"e":[{"i":[[0,0],[-6.062,3.053],[-0.242,4.878]],"o":[[1.008,0.078],[3.147,-1.294],[0,0]],"v":[[22.125,52.981],[32.576,49.954],[40.665,39.289]],"c":false}]},{"i":{"x":0.833,"y":0.833},"o":{"x":0.167,"y":0.167},"n":"0p833_0p833_0p167_0p167","t":11,"s":[{"i":[[0,0],[-6.062,3.053],[-0.242,4.878]],"o":[[1.008,0.078],[3.147,-1.294],[0,0]],"v":[[22.125,52.981],[32.576,49.954],[40.665,39.289]],"c":false}],"e":[{"i":[[0,0],[-8.217,3.855],[-3.772,2.269]],"o":[[1.008,0.078],[11.222,-5.265],[0,0]],"v":[[22.125,52.981],[36.658,49.161],[49.916,40.655]],"c":false}]},{"i":{"x":0.833,"y":0.833},"o":{"x":0.167,"y":0.167},"n":"0p833_0p833_0p167_0p167","t":13,"s":[{"i":[[0,0],[-8.217,3.855],[-3.772,2.269]],"o":[[1.008,0.078],[11.222,-5.265],[0,0]],"v":[[22.125,52.981],[36.658,49.161],[49.916,40.655]],"c":false}],"e":[{"i":[[0,0],[-3.317,3.865],[0.271,2.723]],"o":[[1.008,0.078],[3.743,-1.8],[0,0]],"v":[[22.125,52.981],[36.662,49.912],[42.515,39.562]],"c":false}]},{"i":{"x":0.833,"y":0.833},"o":{"x":0.167,"y":0.167},"n":"0p833_0p833_0p167_0p167","t":15,"s":[{"i":[[0,0],[-3.317,3.865],[0.271,2.723]],"o":[[1.008,0.078],[3.743,-1.8],[0,0]],"v":[[22.125,52.981],[36.662,49.912],[42.515,39.562]],"c":false}],"e":[{"i":[[0,0],[-3.314,6.549],[2.961,-0.36]],"o":[[1.008,0.078],[3.047,-6.021],[0,0]],"v":[[22.125,52.981],[35.078,48.271],[31.414,37.923]],"c":false}]},{"i":{"x":0.833,"y":0.833},"o":{"x":0.167,"y":0.167},"n":"0p833_0p833_0p167_0p167","t":18,"s":[{"i":[[0,0],[-3.314,6.549],[2.961,-0.36]],"o":[[1.008,0.078],[3.047,-6.021],[0,0]],"v":[[22.125,52.981],[35.078,48.271],[31.414,37.923]],"c":false}],"e":[{"i":[[0,0],[-6.062,3.053],[-0.242,4.878]],"o":[[1.008,0.078],[3.147,-1.294],[0,0]],"v":[[22.125,52.981],[32.576,49.954],[40.665,39.289]],"c":false}]},{"i":{"x":0.833,"y":0.833},"o":{"x":0.167,"y":0.167},"n":"0p833_0p833_0p167_0p167","t":20,"s":[{"i":[[0,0],[-6.062,3.053],[-0.242,4.878]],"o":[[1.008,0.078],[3.147,-1.294],[0,0]],"v":[[22.125,52.981],[32.576,49.954],[40.665,39.289]],"c":false}],"e":[{"i":[[0,0],[-8.217,3.855],[-3.772,2.269]],"o":[[1.008,0.078],[11.222,-5.265],[0,0]],"v":[[22.125,52.981],[36.658,49.161],[49.916,40.655]],"c":false}]},{"i":{"x":0.833,"y":0.833},"o":{"x":0.167,"y":0.167},"n":"0p833_0p833_0p167_0p167","t":22,"s":[{"i":[[0,0],[-8.217,3.855],[-3.772,2.269]],"o":[[1.008,0.078],[11.222,-5.265],[0,0]],"v":[[22.125,52.981],[36.658,49.161],[49.916,40.655]],"c":false}],"e":[{"i":[[0,0],[-3.317,3.865],[0.271,2.723]],"o":[[1.008,0.078],[3.743,-1.8],[0,0]],"v":[[22.125,52.981],[36.662,49.912],[42.515,39.562]],"c":false}]},{"i":{"x":0.833,"y":0.833},"o":{"x":0.167,"y":0.167},"n":"0p833_0p833_0p167_0p167","t":24,"s":[{"i":[[0,0],[-3.317,3.865],[0.271,2.723]],"o":[[1.008,0.078],[3.743,-1.8],[0,0]],"v":[[22.125,52.981],[36.662,49.912],[42.515,39.562]],"c":false}],"e":[{"i":[[0,0],[-3.314,6.549],[2.961,-0.36]],"o":[[1.008,0.078],[3.047,-6.021],[0,0]],"v":[[22.125,52.981],[35.078,48.271],[31.414,37.923]],"c":false}]},{"i":{"x":0.833,"y":0.833},"o":{"x":0.167,"y":0.167},"n":"0p833_0p833_0p167_0p167","t":27,"s":[{"i":[[0,0],[-3.314,6.549],[2.961,-0.36]],"o":[[1.008,0.078],[3.047,-6.021],[0,0]],"v":[[22.125,52.981],[35.078,48.271],[31.414,37.923]],"c":false}],"e":[{"i":[[0,0],[-6.062,3.053],[-0.242,4.878]],"o":[[1.008,0.078],[3.147,-1.294],[0,0]],"v":[[22.125,52.981],[32.576,49.954],[40.665,39.289]],"c":false}]},{"i":{"x":0.833,"y":0.833},"o":{"x":0.167,"y":0.167},"n":"0p833_0p833_0p167_0p167","t":29,"s":[{"i":[[0,0],[-6.062,3.053],[-0.242,4.878]],"o":[[1.008,0.078],[3.147,-1.294],[0,0]],"v":[[22.125,52.981],[32.576,49.954],[40.665,39.289]],"c":false}],"e":[{"i":[[0,0],[-8.217,3.855],[-3.772,2.269]],"o":[[1.008,0.078],[11.222,-5.265],[0,0]],"v":[[22.125,52.981],[36.658,49.161],[49.916,40.655]],"c":false}]},{"i":{"x":0.833,"y":0.833},"o":{"x":0.167,"y":0.167},"n":"0p833_0p833_0p167_0p167","t":31,"s":[{"i":[[0,0],[-8.217,3.855],[-3.772,2.269]],"o":[[1.008,0.078],[11.222,-5.265],[0,0]],"v":[[22.125,52.981],[36.658,49.161],[49.916,40.655]],"c":false}],"e":[{"i":[[0,0],[-3.317,3.865],[0.271,2.723]],"o":[[1.008,0.078],[3.743,-1.8],[0,0]],"v":[[22.125,52.981],[36.662,49.912],[42.515,39.562]],"c":false}]},{"i":{"x":0.833,"y":0.833},"o":{"x":0.167,"y":0.167},"n":"0p833_0p833_0p167_0p167","t":33,"s":[{"i":[[0,0],[-3.317,3.865],[0.271,2.723]],"o":[[1.008,0.078],[3.743,-1.8],[0,0]],"v":[[22.125,52.981],[36.662,49.912],[42.515,39.562]],"c":false}],"e":[{"i":[[0,0],[-3.314,6.549],[2.961,-0.36]],"o":[[1.008,0.078],[3.047,-6.021],[0,0]],"v":[[22.125,52.981],[35.078,48.271],[31.414,37.923]],"c":false}]},{"i":{"x":0.833,"y":0.833},"o":{"x":0.167,"y":0.167},"n":"0p833_0p833_0p167_0p167","t":36,"s":[{"i":[[0,0],[-3.314,6.549],[2.961,-0.36]],"o":[[1.008,0.078],[3.047,-6.021],[0,0]],"v":[[22.125,52.981],[35.078,48.271],[31.414,37.923]],"c":false}],"e":[{"i":[[0,0],[-6.062,3.053],[-0.242,4.878]],"o":[[1.008,0.078],[3.147,-1.294],[0,0]],"v":[[22.125,52.981],[32.576,49.954],[40.665,39.289]],"c":false}]},{"i":{"x":0.833,"y":0.833},"o":{"x":0.167,"y":0.167},"n":"0p833_0p833_0p167_0p167","t":38,"s":[{"i":[[0,0],[-6.062,3.053],[-0.242,4.878]],"o":[[1.008,0.078],[3.147,-1.294],[0,0]],"v":[[22.125,52.981],[32.576,49.954],[40.665,39.289]],"c":false}],"e":[{"i":[[0,0],[-8.217,3.855],[-3.772,2.269]],"o":[[1.008,0.078],[11.222,-5.265],[0,0]],"v":[[22.125,52.981],[36.658,49.161],[49.916,40.655]],"c":false}]},{"i":{"x":0.833,"y":0.833},"o":{"x":0.167,"y":0.167},"n":"0p833_0p833_0p167_0p167","t":40,"s":[{"i":[[0,0],[-8.217,3.855],[-3.772,2.269]],"o":[[1.008,0.078],[11.222,-5.265],[0,0]],"v":[[22.125,52.981],[36.658,49.161],[49.916,40.655]],"c":false}],"e":[{"i":[[0,0],[-3.317,3.865],[0.271,2.723]],"o":[[1.008,0.078],[3.743,-1.8],[0,0]],"v":[[22.125,52.981],[36.662,49.912],[42.515,39.562]],"c":false}]},{"i":{"x":0.833,"y":0.833},"o":{"x":0.167,"y":0.167},"n":"0p833_0p833_0p167_0p167","t":42,"s":[{"i":[[0,0],[-3.317,3.865],[0.271,2.723]],"o":[[1.008,0.078],[3.743,-1.8],[0,0]],"v":[[22.125,52.981],[36.662,49.912],[42.515,39.562]],"c":false}],"e":[{"i":[[0,0],[-3.314,6.549],[2.961,-0.36]],"o":[[1.008,0.078],[3.047,-6.021],[0,0]],"v":[[22.125,52.981],[35.078,48.271],[31.414,37.923]],"c":false}]},{"i":{"x":0.833,"y":0.833},"o":{"x":0.167,"y":0.167},"n":"0p833_0p833_0p167_0p167","t":45,"s":[{"i":[[0,0],[-3.314,6.549],[2.961,-0.36]],"o":[[1.008,0.078],[3.047,-6.021],[0,0]],"v":[[22.125,52.981],[35.078,48.271],[31.414,37.923]],"c":false}],"e":[{"i":[[0,0],[-6.062,3.053],[-0.242,4.878]],"o":[[1.008,0.078],[3.147,-1.294],[0,0]],"v":[[22.125,52.981],[32.576,49.954],[40.665,39.289]],"c":false}]},{"i":{"x":0.833,"y":0.833},"o":{"x":0.167,"y":0.167},"n":"0p833_0p833_0p167_0p167","t":47,"s":[{"i":[[0,0],[-6.062,3.053],[-0.242,4.878]],"o":[[1.008,0.078],[3.147,-1.294],[0,0]],"v":[[22.125,52.981],[32.576,49.954],[40.665,39.289]],"c":false}],"e":[{"i":[[0,0],[-8.217,3.855],[-3.772,2.269]],"o":[[1.008,0.078],[11.222,-5.265],[0,0]],"v":[[22.125,52.981],[36.658,49.161],[49.916,40.655]],"c":false}]},{"i":{"x":0.833,"y":0.833},"o":{"x":0.167,"y":0.167},"n":"0p833_0p833_0p167_0p167","t":49,"s":[{"i":[[0,0],[-8.217,3.855],[-3.772,2.269]],"o":[[1.008,0.078],[11.222,-5.265],[0,0]],"v":[[22.125,52.981],[36.658,49.161],[49.916,40.655]],"c":false}],"e":[{"i":[[0,0],[-3.317,3.865],[0.271,2.723]],"o":[[1.008,0.078],[3.743,-1.8],[0,0]],"v":[[22.125,52.981],[36.662,49.912],[42.515,39.562]],"c":false}]},{"i":{"x":0.833,"y":0.833},"o":{"x":0.167,"y":0.167},"n":"0p833_0p833_0p167_0p167","t":51,"s":[{"i":[[0,0],[-3.317,3.865],[0.271,2.723]],"o":[[1.008,0.078],[3.743,-1.8],[0,0]],"v":[[22.125,52.981],[36.662,49.912],[42.515,39.562]],"c":false}],"e":[{"i":[[0,0],[-3.314,6.549],[2.961,-0.36]],"o":[[1.008,0.078],[3.047,-6.021],[0,0]],"v":[[22.125,52.981],[35.078,48.271],[31.414,37.923]],"c":false}]},{"i":{"x":0.833,"y":0.833},"o":{"x":0.167,"y":0.167},"n":"0p833_0p833_0p167_0p167","t":54,"s":[{"i":[[0,0],[-3.314,6.549],[2.961,-0.36]],"o":[[1.008,0.078],[3.047,-6.021],[0,0]],"v":[[22.125,52.981],[35.078,48.271],[31.414,37.923]],"c":false}],"e":[{"i":[[0,0],[-6.062,3.053],[-0.242,4.878]],"o":[[1.008,0.078],[3.147,-1.294],[0,0]],"v":[[22.125,52.981],[32.576,49.954],[40.665,39.289]],"c":false}]},{"i":{"x":0.833,"y":0.833},"o":{"x":0.167,"y":0.167},"n":"0p833_0p833_0p167_0p167","t":56,"s":[{"i":[[0,0],[-6.062,3.053],[-0.242,4.878]],"o":[[1.008,0.078],[3.147,-1.294],[0,0]],"v":[[22.125,52.981],[32.576,49.954],[40.665,39.289]],"c":false}],"e":[{"i":[[0,0],[-8.217,3.855],[-3.772,2.269]],"o":[[1.008,0.078],[11.222,-5.265],[0,0]],"v":[[22.125,52.981],[36.658,49.161],[49.916,40.655]],"c":false}]},{"i":{"x":0.833,"y":0.833},"o":{"x":0.167,"y":0.167},"n":"0p833_0p833_0p167_0p167","t":58,"s":[{"i":[[0,0],[-8.217,3.855],[-3.772,2.269]],"o":[[1.008,0.078],[11.222,-5.265],[0,0]],"v":[[22.125,52.981],[36.658,49.161],[49.916,40.655]],"c":false}],"e":[{"i":[[0,0],[-3.317,3.865],[0.271,2.723]],"o":[[1.008,0.078],[3.743,-1.8],[0,0]],"v":[[22.125,52.981],[36.662,49.912],[42.515,39.562]],"c":false}]},{"i":{"x":0.833,"y":0.833},"o":{"x":0.167,"y":0.167},"n":"0p833_0p833_0p167_0p167","t":60,"s":[{"i":[[0,0],[-3.317,3.865],[0.271,2.723]],"o":[[1.008,0.078],[3.743,-1.8],[0,0]],"v":[[22.125,52.981],[36.662,49.912],[42.515,39.562]],"c":false}],"e":[{"i":[[0,0],[-3.314,6.549],[2.961,-0.36]],"o":[[1.008,0.078],[3.047,-6.021],[0,0]],"v":[[22.125,52.981],[35.078,48.271],[31.414,37.923]],"c":false}]},{"i":{"x":0.833,"y":0.833},"o":{"x":0.167,"y":0.167},"n":"0p833_0p833_0p167_0p167","t":63,"s":[{"i":[[0,0],[-3.314,6.549],[2.961,-0.36]],"o":[[1.008,0.078],[3.047,-6.021],[0,0]],"v":[[22.125,52.981],[35.078,48.271],[31.414,37.923]],"c":false}],"e":[{"i":[[0,0],[-6.062,3.053],[-0.242,4.878]],"o":[[1.008,0.078],[3.147,-1.294],[0,0]],"v":[[22.125,52.981],[32.576,49.954],[40.665,39.289]],"c":false}]},{"i":{"x":0.833,"y":0.833},"o":{"x":0.167,"y":0.167},"n":"0p833_0p833_0p167_0p167","t":65,"s":[{"i":[[0,0],[-6.062,3.053],[-0.242,4.878]],"o":[[1.008,0.078],[3.147,-1.294],[0,0]],"v":[[22.125,52.981],[32.576,49.954],[40.665,39.289]],"c":false}],"e":[{"i":[[0,0],[-8.217,3.855],[-3.772,2.269]],"o":[[1.008,0.078],[11.222,-5.265],[0,0]],"v":[[22.125,52.981],[36.658,49.161],[49.916,40.655]],"c":false}]},{"i":{"x":0.833,"y":0.833},"o":{"x":0.167,"y":0.167},"n":"0p833_0p833_0p167_0p167","t":67,"s":[{"i":[[0,0],[-8.217,3.855],[-3.772,2.269]],"o":[[1.008,0.078],[11.222,-5.265],[0,0]],"v":[[22.125,52.981],[36.658,49.161],[49.916,40.655]],"c":false}],"e":[{"i":[[0,0],[-3.317,3.865],[0.271,2.723]],"o":[[1.008,0.078],[3.743,-1.8],[0,0]],"v":[[22.125,52.981],[36.662,49.912],[42.515,39.562]],"c":false}]},{"i":{"x":0.833,"y":0.833},"o":{"x":0.167,"y":0.167},"n":"0p833_0p833_0p167_0p167","t":69,"s":[{"i":[[0,0],[-3.317,3.865],[0.271,2.723]],"o":[[1.008,0.078],[3.743,-1.8],[0,0]],"v":[[22.125,52.981],[36.662,49.912],[42.515,39.562]],"c":false}],"e":[{"i":[[0,0],[-3.314,6.549],[2.961,-0.36]],"o":[[1.008,0.078],[3.047,-6.021],[0,0]],"v":[[22.125,52.981],[35.078,48.271],[31.414,37.923]],"c":false}]},{"i":{"x":0.833,"y":0.833},"o":{"x":0.167,"y":0.167},"n":"0p833_0p833_0p167_0p167","t":72,"s":[{"i":[[0,0],[-3.314,6.549],[2.961,-0.36]],"o":[[1.008,0.078],[3.047,-6.021],[0,0]],"v":[[22.125,52.981],[35.078,48.271],[31.414,37.923]],"c":false}],"e":[{"i":[[0,0],[-6.062,3.053],[-0.242,4.878]],"o":[[1.008,0.078],[3.147,-1.294],[0,0]],"v":[[22.125,52.981],[32.576,49.954],[40.665,39.289]],"c":false}]},{"i":{"x":0.833,"y":0.833},"o":{"x":0.167,"y":0.167},"n":"0p833_0p833_0p167_0p167","t":74,"s":[{"i":[[0,0],[-6.062,3.053],[-0.242,4.878]],"o":[[1.008,0.078],[3.147,-1.294],[0,0]],"v":[[22.125,52.981],[32.576,49.954],[40.665,39.289]],"c":false}],"e":[{"i":[[0,0],[-8.217,3.855],[-3.772,2.269]],"o":[[1.008,0.078],[11.222,-5.265],[0,0]],"v":[[22.125,52.981],[36.658,49.161],[49.916,40.655]],"c":false}]},{"i":{"x":0.833,"y":0.833},"o":{"x":0.167,"y":0.167},"n":"0p833_0p833_0p167_0p167","t":76,"s":[{"i":[[0,0],[-8.217,3.855],[-3.772,2.269]],"o":[[1.008,0.078],[11.222,-5.265],[0,0]],"v":[[22.125,52.981],[36.658,49.161],[49.916,40.655]],"c":false}],"e":[{"i":[[0,0],[-3.317,3.865],[0.271,2.723]],"o":[[1.008,0.078],[3.743,-1.8],[0,0]],"v":[[22.125,52.981],[36.662,49.912],[42.515,39.562]],"c":false}]},{"i":{"x":0.833,"y":0.833},"o":{"x":0.167,"y":0.167},"n":"0p833_0p833_0p167_0p167","t":78,"s":[{"i":[[0,0],[-3.317,3.865],[0.271,2.723]],"o":[[1.008,0.078],[3.743,-1.8],[0,0]],"v":[[22.125,52.981],[36.662,49.912],[42.515,39.562]],"c":false}],"e":[{"i":[[0,0],[-3.314,6.549],[2.961,-0.36]],"o":[[1.008,0.078],[3.047,-6.021],[0,0]],"v":[[22.125,52.981],[35.078,48.271],[31.414,37.923]],"c":false}]},{"i":{"x":0.833,"y":0.833},"o":{"x":0.167,"y":0.167},"n":"0p833_0p833_0p167_0p167","t":81,"s":[{"i":[[0,0],[-3.314,6.549],[2.961,-0.36]],"o":[[1.008,0.078],[3.047,-6.021],[0,0]],"v":[[22.125,52.981],[35.078,48.271],[31.414,37.923]],"c":false}],"e":[{"i":[[0,0],[-6.062,3.053],[-0.242,4.878]],"o":[[1.008,0.078],[3.147,-1.294],[0,0]],"v":[[22.125,52.981],[32.576,49.954],[40.665,39.289]],"c":false}]},{"i":{"x":0.833,"y":0.833},"o":{"x":0.167,"y":0.167},"n":"0p833_0p833_0p167_0p167","t":83,"s":[{"i":[[0,0],[-6.062,3.053],[-0.242,4.878]],"o":[[1.008,0.078],[3.147,-1.294],[0,0]],"v":[[22.125,52.981],[32.576,49.954],[40.665,39.289]],"c":false}],"e":[{"i":[[0,0],[-8.217,3.855],[-3.772,2.269]],"o":[[1.008,0.078],[11.222,-5.265],[0,0]],"v":[[22.125,52.981],[36.658,49.161],[49.916,40.655]],"c":false}]},{"i":{"x":0.833,"y":0.833},"o":{"x":0.167,"y":0.167},"n":"0p833_0p833_0p167_0p167","t":85,"s":[{"i":[[0,0],[-8.217,3.855],[-3.772,2.269]],"o":[[1.008,0.078],[11.222,-5.265],[0,0]],"v":[[22.125,52.981],[36.658,49.161],[49.916,40.655]],"c":false}],"e":[{"i":[[0,0],[-3.317,3.865],[0.271,2.723]],"o":[[1.008,0.078],[3.743,-1.8],[0,0]],"v":[[22.125,52.981],[36.662,49.912],[42.515,39.562]],"c":false}]},{"i":{"x":0.833,"y":0.833},"o":{"x":0.167,"y":0.167},"n":"0p833_0p833_0p167_0p167","t":87,"s":[{"i":[[0,0],[-3.317,3.865],[0.271,2.723]],"o":[[1.008,0.078],[3.743,-1.8],[0,0]],"v":[[22.125,52.981],[36.662,49.912],[42.515,39.562]],"c":false}],"e":[{"i":[[0,0],[-3.314,6.549],[2.961,-0.36]],"o":[[1.008,0.078],[3.047,-6.021],[0,0]],"v":[[22.125,52.981],[35.078,48.271],[31.414,37.923]],"c":false}]},{"i":{"x":0.833,"y":0.833},"o":{"x":0.167,"y":0.167},"n":"0p833_0p833_0p167_0p167","t":90,"s":[{"i":[[0,0],[-3.314,6.549],[2.961,-0.36]],"o":[[1.008,0.078],[3.047,-6.021],[0,0]],"v":[[22.125,52.981],[35.078,48.271],[31.414,37.923]],"c":false}],"e":[{"i":[[0,0],[-6.062,3.053],[-0.242,4.878]],"o":[[1.008,0.078],[3.147,-1.294],[0,0]],"v":[[22.125,52.981],[32.576,49.954],[40.665,39.289]],"c":false}]},{"i":{"x":0.833,"y":0.833},"o":{"x":0.167,"y":0.167},"n":"0p833_0p833_0p167_0p167","t":92,"s":[{"i":[[0,0],[-6.062,3.053],[-0.242,4.878]],"o":[[1.008,0.078],[3.147,-1.294],[0,0]],"v":[[22.125,52.981],[32.576,49.954],[40.665,39.289]],"c":false}],"e":[{"i":[[0,0],[-8.217,3.855],[-3.772,2.269]],"o":[[1.008,0.078],[11.222,-5.265],[0,0]],"v":[[22.125,52.981],[36.658,49.161],[49.916,40.655]],"c":false}]},{"i":{"x":0.833,"y":0.833},"o":{"x":0.167,"y":0.167},"n":"0p833_0p833_0p167_0p167","t":94,"s":[{"i":[[0,0],[-8.217,3.855],[-3.772,2.269]],"o":[[1.008,0.078],[11.222,-5.265],[0,0]],"v":[[22.125,52.981],[36.658,49.161],[49.916,40.655]],"c":false}],"e":[{"i":[[0,0],[-3.317,3.865],[0.271,2.723]],"o":[[1.008,0.078],[3.743,-1.8],[0,0]],"v":[[22.125,52.981],[36.662,49.912],[42.515,39.562]],"c":false}]},{"i":{"x":0.833,"y":0.833},"o":{"x":0.167,"y":0.167},"n":"0p833_0p833_0p167_0p167","t":96,"s":[{"i":[[0,0],[-3.317,3.865],[0.271,2.723]],"o":[[1.008,0.078],[3.743,-1.8],[0,0]],"v":[[22.125,52.981],[36.662,49.912],[42.515,39.562]],"c":false}],"e":[{"i":[[0,0],[-3.314,6.549],[2.961,-0.36]],"o":[[1.008,0.078],[3.047,-6.021],[0,0]],"v":[[22.125,52.981],[35.078,48.271],[31.414,37.923]],"c":false}]},{"i":{"x":0.833,"y":0.833},"o":{"x":0.167,"y":0.167},"n":"0p833_0p833_0p167_0p167","t":99,"s":[{"i":[[0,0],[-3.314,6.549],[2.961,-0.36]],"o":[[1.008,0.078],[3.047,-6.021],[0,0]],"v":[[22.125,52.981],[35.078,48.271],[31.414,37.923]],"c":false}],"e":[{"i":[[0,0],[-6.062,3.053],[-0.242,4.878]],"o":[[1.008,0.078],[3.147,-1.294],[0,0]],"v":[[22.125,52.981],[32.576,49.954],[40.665,39.289]],"c":false}]},{"i":{"x":0.833,"y":0.833},"o":{"x":0.167,"y":0.167},"n":"0p833_0p833_0p167_0p167","t":101,"s":[{"i":[[0,0],[-6.062,3.053],[-0.242,4.878]],"o":[[1.008,0.078],[3.147,-1.294],[0,0]],"v":[[22.125,52.981],[32.576,49.954],[40.665,39.289]],"c":false}],"e":[{"i":[[0,0],[-8.217,3.855],[-3.772,2.269]],"o":[[1.008,0.078],[11.222,-5.265],[0,0]],"v":[[22.125,52.981],[36.658,49.161],[49.916,40.655]],"c":false}]},{"i":{"x":0.833,"y":0.833},"o":{"x":0.167,"y":0.167},"n":"0p833_0p833_0p167_0p167","t":103,"s":[{"i":[[0,0],[-8.217,3.855],[-3.772,2.269]],"o":[[1.008,0.078],[11.222,-5.265],[0,0]],"v":[[22.125,52.981],[36.658,49.161],[49.916,40.655]],"c":false}],"e":[{"i":[[0,0],[-3.317,3.865],[0.271,2.723]],"o":[[1.008,0.078],[3.743,-1.8],[0,0]],"v":[[22.125,52.981],[36.662,49.912],[42.515,39.562]],"c":false}]},{"i":{"x":0.833,"y":0.833},"o":{"x":0.167,"y":0.167},"n":"0p833_0p833_0p167_0p167","t":105,"s":[{"i":[[0,0],[-3.317,3.865],[0.271,2.723]],"o":[[1.008,0.078],[3.743,-1.8],[0,0]],"v":[[22.125,52.981],[36.662,49.912],[42.515,39.562]],"c":false}],"e":[{"i":[[0,0],[-3.314,6.549],[2.961,-0.36]],"o":[[1.008,0.078],[3.047,-6.021],[0,0]],"v":[[22.125,52.981],[35.078,48.271],[31.414,37.923]],"c":false}]},{"i":{"x":0.833,"y":0.833},"o":{"x":0.167,"y":0.167},"n":"0p833_0p833_0p167_0p167","t":108,"s":[{"i":[[0,0],[-3.314,6.549],[2.961,-0.36]],"o":[[1.008,0.078],[3.047,-6.021],[0,0]],"v":[[22.125,52.981],[35.078,48.271],[31.414,37.923]],"c":false}],"e":[{"i":[[0,0],[-6.062,3.053],[-0.242,4.878]],"o":[[1.008,0.078],[3.147,-1.294],[0,0]],"v":[[22.125,52.981],[32.576,49.954],[40.665,39.289]],"c":false}]},{"i":{"x":0.833,"y":0.833},"o":{"x":0.167,"y":0.167},"n":"0p833_0p833_0p167_0p167","t":110,"s":[{"i":[[0,0],[-6.062,3.053],[-0.242,4.878]],"o":[[1.008,0.078],[3.147,-1.294],[0,0]],"v":[[22.125,52.981],[32.576,49.954],[40.665,39.289]],"c":false}],"e":[{"i":[[0,0],[-8.217,3.855],[-3.772,2.269]],"o":[[1.008,0.078],[11.222,-5.265],[0,0]],"v":[[22.125,52.981],[36.658,49.161],[49.916,40.655]],"c":false}]},{"i":{"x":0.833,"y":0.833},"o":{"x":0.167,"y":0.167},"n":"0p833_0p833_0p167_0p167","t":112,"s":[{"i":[[0,0],[-8.217,3.855],[-3.772,2.269]],"o":[[1.008,0.078],[11.222,-5.265],[0,0]],"v":[[22.125,52.981],[36.658,49.161],[49.916,40.655]],"c":false}],"e":[{"i":[[0,0],[-3.317,3.865],[0.271,2.723]],"o":[[1.008,0.078],[3.743,-1.8],[0,0]],"v":[[22.125,52.981],[36.662,49.912],[42.515,39.562]],"c":false}]},{"i":{"x":0.833,"y":0.833},"o":{"x":0.167,"y":0.167},"n":"0p833_0p833_0p167_0p167","t":114,"s":[{"i":[[0,0],[-3.317,3.865],[0.271,2.723]],"o":[[1.008,0.078],[3.743,-1.8],[0,0]],"v":[[22.125,52.981],[36.662,49.912],[42.515,39.562]],"c":false}],"e":[{"i":[[0,0],[-3.314,6.549],[2.961,-0.36]],"o":[[1.008,0.078],[3.047,-6.021],[0,0]],"v":[[22.125,52.981],[35.078,48.271],[31.414,37.923]],"c":false}]},{"i":{"x":0.833,"y":0.833},"o":{"x":0.167,"y":0.167},"n":"0p833_0p833_0p167_0p167","t":117,"s":[{"i":[[0,0],[-3.314,6.549],[2.961,-0.36]],"o":[[1.008,0.078],[3.047,-6.021],[0,0]],"v":[[22.125,52.981],[35.078,48.271],[31.414,37.923]],"c":false}],"e":[{"i":[[0,0],[-6.062,3.053],[-0.242,4.878]],"o":[[1.008,0.078],[3.147,-1.294],[0,0]],"v":[[22.125,52.981],[32.576,49.954],[40.665,39.289]],"c":false}]},{"i":{"x":0.833,"y":0.833},"o":{"x":0.167,"y":0.167},"n":"0p833_0p833_0p167_0p167","t":119,"s":[{"i":[[0,0],[-6.062,3.053],[-0.242,4.878]],"o":[[1.008,0.078],[3.147,-1.294],[0,0]],"v":[[22.125,52.981],[32.576,49.954],[40.665,39.289]],"c":false}],"e":[{"i":[[0,0],[-8.217,3.855],[-3.772,2.269]],"o":[[1.008,0.078],[11.222,-5.265],[0,0]],"v":[[22.125,52.981],[36.658,49.161],[49.916,40.655]],"c":false}]},{"i":{"x":0.833,"y":0.833},"o":{"x":0.167,"y":0.167},"n":"0p833_0p833_0p167_0p167","t":121,"s":[{"i":[[0,0],[-8.217,3.855],[-3.772,2.269]],"o":[[1.008,0.078],[11.222,-5.265],[0,0]],"v":[[22.125,52.981],[36.658,49.161],[49.916,40.655]],"c":false}],"e":[{"i":[[0,0],[-3.317,3.865],[0.271,2.723]],"o":[[1.008,0.078],[3.743,-1.8],[0,0]],"v":[[22.125,52.981],[36.662,49.912],[42.515,39.562]],"c":false}]},{"i":{"x":0.833,"y":0.833},"o":{"x":0.167,"y":0.167},"n":"0p833_0p833_0p167_0p167","t":123,"s":[{"i":[[0,0],[-3.317,3.865],[0.271,2.723]],"o":[[1.008,0.078],[3.743,-1.8],[0,0]],"v":[[22.125,52.981],[36.662,49.912],[42.515,39.562]],"c":false}],"e":[{"i":[[0,0],[-3.314,6.549],[2.961,-0.36]],"o":[[1.008,0.078],[3.047,-6.021],[0,0]],"v":[[22.125,52.981],[35.078,48.271],[31.414,37.923]],"c":false}]},{"t":126.000005132085}],"ix":2},"nm":"Path 1","mn":"ADBE Vector Shape - Group","hd":false},{"ty":"st","c":{"a":0,"k":[0.807843148708,0.337254911661,0.227450981736,1],"ix":3},"o":{"a":0,"k":100,"ix":4},"w":{"a":0,"k":8,"ix":5},"lc":2,"lj":2,"nm":"Stroke 1","mn":"ADBE Vector Graphic - Stroke","hd":false},{"ty":"tr","p":{"a":0,"k":[0,0],"ix":2},"a":{"a":0,"k":[0,0],"ix":1},"s":{"a":0,"k":[100,100],"ix":3},"r":{"a":0,"k":0,"ix":6},"o":{"a":0,"k":100,"ix":7},"sk":{"a":0,"k":0,"ix":4},"sa":{"a":0,"k":0,"ix":5},"nm":"Transform"}],"nm":"dogTail","np":2,"cix":2,"ix":2,"mn":"ADBE Vector Group","hd":false}],"ip":0,"op":126.000005132085,"st":0,"bm":0},{"ddd":0,"ind":10,"ty":4,"nm":"icon_circle","sr":1,"ks":{"o":{"a":0,"k":100,"ix":11},"r":{"a":0,"k":0,"ix":10},"p":{"a":0,"k":[200.623,200.141,0],"ix":2},"a":{"a":0,"k":[0.623,0.141,0],"ix":1},"s":{"a":0,"k":[100,100,100],"ix":6}},"ao":0,"shapes":[{"ty":"gr","it":[{"d":1,"ty":"el","s":{"a":0,"k":[167.6,167.6],"ix":2},"p":{"a":0,"k":[0,0],"ix":3},"nm":"Ellipse Path 1","mn":"ADBE Vector Shape - Ellipse","hd":false},{"ty":"fl","c":{"a":0,"k":[0.988235294819,0.956862747669,0.752941191196,1],"ix":4},"o":{"a":0,"k":100,"ix":5},"r":1,"nm":"Fill 1","mn":"ADBE Vector Graphic - Fill","hd":false},{"ty":"tr","p":{"a":0,"k":[0.623,0.141],"ix":2},"a":{"a":0,"k":[0,0],"ix":1},"s":{"a":0,"k":[100,100],"ix":3},"r":{"a":0,"k":0,"ix":6},"o":{"a":0,"k":100,"ix":7},"sk":{"a":0,"k":0,"ix":4},"sa":{"a":0,"k":0,"ix":5},"nm":"Transform"}],"nm":"Group 1","np":2,"cix":2,"ix":1,"mn":"ADBE Vector Group","hd":false}],"ip":0,"op":126.000005132085,"st":0,"bm":0}]}